שם רשות מקומית,שנה,הוצאות לעבודות שבוצעו במשך השנה,הוצאות אחרות
אבו גוש,2019,"7,568","2,854"
אבו גוש,2018,"7,651","2,308"
אבו גוש,2017,"8,527","6,086"
אבו גוש,2016,"14,108","5,049"
אבו גוש,2015,"4,794",829
אבו סנאן,2019,"8,571","1,396"
אבו סנאן,2018,"12,565","2,750"
אבו סנאן,2017,"12,001","3,662"
אבו סנאן,2016,"7,043","3,665"
אבו סנאן,2015,"5,978","1,377"
אבן יהודה,2019,"29,597","4,495"
אבן יהודה,2018,"40,651","4,824"
אבן יהודה,2017,"27,943","4,656"
אבן יהודה,2016,"25,986","6,122"
אבן יהודה,2015,"20,211","5,299"
אום אל-פחם,2019,"26,030","4,576"
אום אל-פחם,2018,"30,412","7,175"
אום אל-פחם,2017,"25,130","2,415"
אום אל-פחם,2016,"48,745","6,279"
אום אל-פחם,2015,"23,457",962
אופקים,2019,"74,053","3,824"
אופקים,2018,"52,671","3,452"
אופקים,2017,"38,549",689
אופקים,2016,"35,023",309
אופקים,2015,"27,438",61
אור יהודה,2019,"121,990","4,317"
אור יהודה,2018,"79,112","3,960"
אור יהודה,2017,"41,219","5,112"
אור יהודה,2016,"24,483","1,004"
אור יהודה,2015,"16,371","2,228"
אור עקיבא,2019,"95,142","5,564"
אור עקיבא,2018,"69,613","2,993"
אור עקיבא,2017,"56,543","3,624"
אור עקיבא,2016,"37,270",478
אור עקיבא,2015,"27,976",50
אורנית,2019,"17,202",41
אורנית,2018,"7,290","1,285"
אורנית,2017,"3,031",319
אורנית,2016,"16,536",263
אורנית,2015,"7,949","3,454"
אזור,2019,"14,223","1,199"
אזור,2018,"24,387","1,440"
אזור,2017,"10,984","1,867"
אזור,2016,"20,585",947
אזור,2015,"9,175",222
אילת,2019,"59,441","13,920"
אילת,2018,"108,715","6,026"
אילת,2017,"98,219","6,079"
אילת,2016,"75,739","8,446"
אילת,2015,"78,012","9,516"
אכסאל,2019,"9,637","1,059"
אכסאל,2018,"26,083","1,362"
אכסאל,2017,"20,160","1,237"
אכסאל,2016,"13,907",678
אכסאל,2015,"12,955",380
אליכין,2019,"37,205","6,870"
אליכין,2018,"50,589","29,970"
אליכין,2017,"52,099","10,641"
אליכין,2016,"44,061","11,241"
אליכין,2015,"28,037","14,808"
אלעד,2019,"53,100","1,811"
אלעד,2018,"77,149","1,719"
אלעד,2017,"59,267",645
אלעד,2016,"28,557","1,842"
אלעד,2015,"44,879","2,351"
אלפי מנשה,2019,"2,720","3,598"
אלפי מנשה,2018,"2,531",762
אלפי מנשה,2017,"5,056","1,897"
אלפי מנשה,2016,"3,147","1,188"
אלפי מנשה,2015,"4,797","1,229"
אלקנה,2019,"38,365",-
אלקנה,2018,"8,409",769
אלקנה,2017,"7,251",412
אלקנה,2016,"7,438",422
אלקנה,2015,"20,347",889
אעבלין,2019,"11,857","1,766"
אעבלין,2018,"9,933","1,371"
אעבלין,2017,"13,449","1,237"
אעבלין,2016,"16,321","1,949"
אעבלין,2015,"9,140",964
אפרת,2019,"32,586","5,819"
אפרת,2018,"28,411","5,687"
אפרת,2017,"27,850","10,093"
אפרת,2016,"29,559","8,884"
אפרת,2015,"30,929","13,573"
אריאל,2019,"25,957","3,961"
אריאל,2018,"28,641","3,375"
אריאל,2017,"11,957","3,781"
אריאל,2016,"22,072","6,220"
אריאל,2015,"20,031","4,952"
אשדוד,2019,"152,387","94,697"
אשדוד,2018,"177,453","95,719"
אשדוד,2017,"187,589","63,541"
אשדוד,2016,"100,098","65,741"
אשדוד,2015,"134,894","72,792"
אשקלון,2019,"160,767","35,040"
אשקלון,2018,"155,931","26,268"
אשקלון,2017,"102,169","34,034"
אשקלון,2016,"106,998","31,501"
אשקלון,2015,"159,525","33,610"
באקה אל-גרביה,2019,"45,829","5,695"
באקה אל-גרביה,2018,"14,600","1,442"
באקה אל-גרביה,2017,"12,761","2,030"
באקה אל-גרביה,2016,"7,719","4,565"
באקה אל-גרביה,2015,"39,602","5,380"
באר יעקב,2019,"111,475","9,484"
באר יעקב,2018,"118,374","13,348"
באר יעקב,2017,"86,071","5,523"
באר יעקב,2016,"63,181","1,353"
באר יעקב,2015,"82,086",591
באר שבע,2019,"458,323","50,951"
באר שבע,2018,"405,129","55,556"
באר שבע,2017,"340,473","62,887"
באר שבע,2016,"244,270","37,189"
באר שבע,2015,"211,427","27,172"
בועיינה-נוג'ידאת,2019,"19,645","2,319"
בועיינה-נוג'ידאת,2018,"8,576","2,584"
בועיינה-נוג'ידאת,2017,"10,086","1,753"
בועיינה-נוג'ידאת,2016,"7,421",703
בועיינה-נוג'ידאת,2015,"9,799","1,430"
בוקעאתא,2019,"12,665",162
בוקעאתא,2018,"8,464","3,324"
בוקעאתא,2017,"16,753",629
בוקעאתא,2016,"18,659","2,131"
בוקעאתא,2015,"9,619",687
ביר אל-מכסור,2019,"17,170",309
ביר אל-מכסור,2018,"13,774",385
ביר אל-מכסור,2017,"14,616","1,027"
ביר אל-מכסור,2016,"4,676",113
ביר אל-מכסור,2015,"2,132",818
בית אל,2019,"9,053",763
בית אל,2018,"19,087","1,442"
בית אל,2017,"10,908","1,546"
בית אל,2016,"7,905","2,983"
בית אל,2015,"6,399","4,586"
בית אריה-עופרים,2019,"6,871",892
בית אריה-עופרים,2018,"4,022","2,136"
בית אריה-עופרים,2017,"4,288",485
בית אריה-עופרים,2016,"2,578",246
בית אריה-עופרים,2015,"1,285",546
בית ג'ן,2019,"22,489","1,812"
בית ג'ן,2018,"2,818","1,412"
בית ג'ן,2017,"9,217",978
בית ג'ן,2016,"8,102","1,280"
בית ג'ן,2015,"7,406","1,046"
בית דגן,2019,"3,918",25
בית דגן,2018,"2,118","3,534"
בית דגן,2017,"3,901",195
בית דגן,2016,"2,994","2,256"
בית דגן,2015,"1,532",103
בית שאן,2019,"25,276",-
בית שאן,2018,"32,805",-
בית שאן,2017,"16,223",81
בית שאן,2016,"14,673","14,305"
בית שאן,2015,"14,348",806
בית שמש,2019,"95,785","5,396"
בית שמש,2018,"126,289","6,879"
בית שמש,2017,"122,450","6,360"
בית שמש,2016,,-
בית שמש,2015,"56,744","5,185"
ביתר עילית,2019,"127,013","1,151"
ביתר עילית,2018,"112,225",438
ביתר עילית,2017,"89,348",-874
ביתר עילית,2016,"66,381","-9,569"
ביתר עילית,2015,"74,888",438
בני ברק,2019,"230,911","12,487"
בני ברק,2018,"156,356","21,282"
בני ברק,2017,"187,445","23,756"
בני ברק,2016,"147,981","20,494"
בני ברק,2015,"103,387","18,090"
"בני עי""ש",2019,"1,819",371
"בני עי""ש",2018,"7,788",178
"בני עי""ש",2017,"5,387",682
"בני עי""ש",2016,"2,863",917
"בני עי""ש",2015,"2,025",363
בנימינה-גבעת עדה*,2019,"8,863",280
בנימינה-גבעת עדה*,2018,"20,763","1,078"
בנימינה-גבעת עדה*,2017,"18,501","1,634"
בנימינה-גבעת עדה*,2016,"10,338","1,723"
בנימינה-גבעת עדה*,2015,"12,033","2,205"
"בסמ""ה",2019,"21,116","3,475"
"בסמ""ה",2018,"28,004","4,067"
"בסמ""ה",2017,"17,308","3,382"
"בסמ""ה",2016,"11,263","1,452"
"בסמ""ה",2015,"6,170",974
בסמת טבעון,2019,"9,103","1,498"
בסמת טבעון,2018,"10,576","1,770"
בסמת טבעון,2017,"14,520","6,499"
בסמת טבעון,2016,"3,582",763
בסמת טבעון,2015,"3,894","1,095"
בענה,2019,"9,844","2,094"
בענה,2018,"9,079","1,096"
בענה,2017,"5,805","1,877"
בענה,2016,"3,021","1,183"
בענה,2015,"4,136",654
בת ים,2019,"94,226","2,770"
בת ים,2018,"101,255","10,859"
בת ים,2017,"101,191","13,271"
בת ים,2016,"90,544","39,653"
בת ים,2015,"74,760","9,932"
גבעת זאב,2019,"34,437","3,241"
גבעת זאב,2018,"10,337","4,366"
גבעת זאב,2017,"11,822","3,112"
גבעת זאב,2016,"9,367","3,723"
גבעת זאב,2015,"18,823","1,002"
גבעת שמואל,2019,"67,336","2,237"
גבעת שמואל,2018,"86,832","15,710"
גבעת שמואל,2017,"88,179","6,354"
גבעת שמואל,2016,"48,450","4,776"
גבעת שמואל,2015,"45,660","3,249"
גבעתיים,2019,"50,931","5,115"
גבעתיים,2018,"48,295","2,981"
גבעתיים,2017,"58,595","3,639"
גבעתיים,2016,"80,413","4,140"
גבעתיים,2015,"58,697","7,836"
ג'דיידה-מכר,2019,"16,701","2,001"
ג'דיידה-מכר,2018,"11,670","1,938"
ג'דיידה-מכר,2017,"9,056",960
ג'דיידה-מכר,2016,"5,189",975
ג'דיידה-מכר,2015,"3,553",508
גדרה,2019,"45,954","6,332"
גדרה,2018,"53,737","1,487"
גדרה,2017,"45,511","1,495"
גדרה,2016,"28,123",560
גדרה,2015,"20,138","1,264"
ג'ולס,2019,"3,710","1,279"
ג'ולס,2018,"5,620","2,245"
ג'ולס,2017,"5,513","2,301"
ג'ולס,2016,"5,654","1,649"
ג'ולס,2015,"2,280",668
ג'לג'וליה,2019,"9,915",613
ג'לג'וליה,2018,"5,159","1,351"
ג'לג'וליה,2017,"7,545",735
ג'לג'וליה,2016,"1,745","1,226"
ג'לג'וליה,2015,"2,425","1,257"
גן יבנה,2019,"15,622","2,268"
גן יבנה,2018,"24,387","1,213"
גן יבנה,2017,"23,352","1,249"
גן יבנה,2016,"19,702","1,467"
גן יבנה,2015,"18,416","1,307"
גני תקווה,2019,"74,157","7,616"
גני תקווה,2018,"98,160","12,517"
גני תקווה,2017,"83,822","10,646"
גני תקווה,2016,"67,829","6,110"
גני תקווה,2015,"55,936","13,428"
ג'סר א-זרקא,2019,"10,957",385
ג'סר א-זרקא,2018,"8,906",301
ג'סר א-זרקא,2017,"14,833",773
ג'סר א-זרקא,2016,"15,139",212
ג'סר א-זרקא,2015,"10,694",125
ג'ש (גוש חלב),2019,"4,140",448
ג'ש (גוש חלב),2018,"4,976",431
ג'ש (גוש חלב),2017,"6,085",561
ג'ש (גוש חלב),2016,"2,312",955
ג'ש (גוש חלב),2015,"1,915",284
ג'ת,2019,"24,834",4
ג'ת,2018,"17,796",432
ג'ת,2017,"10,719",958
ג'ת,2016,"4,071",264
ג'ת,2015,"8,491",94
דאלית אל-כרמל,2019,"9,876","3,844"
דאלית אל-כרמל,2018,"11,278","2,174"
דאלית אל-כרמל,2017,"12,421","2,977"
דאלית אל-כרמל,2016,"8,108","2,408"
דאלית אל-כרמל,2015,"7,665","3,277"
דבורייה,2019,"15,886","1,123"
דבורייה,2018,"5,648","1,253"
דבורייה,2017,"10,637","1,662"
דבורייה,2016,"7,201","1,750"
דבורייה,2015,"16,132","1,712"
דייר אל-אסד,2019,"16,601",359
דייר אל-אסד,2018,"7,462",-
דייר אל-אסד,2017,"10,317","1,102"
דייר אל-אסד,2016,"8,094",832
דייר אל-אסד,2015,"1,862",532
דייר חנא,2019,"7,733",235
דייר חנא,2018,"11,213",451
דייר חנא,2017,"4,558",309
דייר חנא,2016,"3,570",372
דייר חנא,2015,"8,711",187
דימונה,2019,"106,783","1,489"
דימונה,2018,"137,148",819
דימונה,2017,"53,355","4,390"
דימונה,2016,"47,417","1,831"
דימונה,2015,"48,928","2,899"
הוד השרון,2019,"99,159","2,208"
הוד השרון,2018,"123,608","2,024"
הוד השרון,2017,"79,867","3,489"
הוד השרון,2016,"48,911","2,422"
הוד השרון,2015,"57,945",854
הר אדר,2019,838,61
הר אדר,2018,"1,392",324
הר אדר,2017,823,"1,554"
הר אדר,2016,124,612
הר אדר,2015,"4,720",174
הרצלייה,2019,"237,453","48,685"
הרצלייה,2018,"290,879","49,840"
הרצלייה,2017,"228,399","50,246"
הרצלייה,2016,"181,433","54,662"
הרצלייה,2015,"122,495","49,471"
זכרון יעקב,2019,"10,231","1,843"
זכרון יעקב,2018,"7,441","4,149"
זכרון יעקב,2017,"8,375","4,281"
זכרון יעקב,2016,"39,503","5,722"
זכרון יעקב,2015,"39,121","12,205"
זמר,2019,"4,160",288
זמר,2018,"3,493",728
זמר,2017,"3,021",498
זמר,2016,"3,337",221
זמר,2015,"1,254",206
זרזיר,2019,"7,251",134
זרזיר,2018,"17,163",567
זרזיר,2017,"19,217",881
זרזיר,2016,"6,662","1,197"
זרזיר,2015,"5,458",97
חדרה,2019,"182,895",-
חדרה,2018,"143,826",31
חדרה,2017,"141,712",569
חדרה,2016,"191,153","1,634"
חדרה,2015,"96,481","6,608"
חולון,2019,"128,640","48,103"
חולון,2018,"123,542","63,976"
חולון,2017,"143,261","82,591"
חולון,2016,"216,630","33,217"
חולון,2015,"109,147","69,115"
חורה,2019,"35,181","2,953"
חורה,2018,"33,411","3,963"
חורה,2017,"18,656","2,858"
חורה,2016,"24,740","1,143"
חורה,2015,"21,903",837
חורפיש,2019,"5,483","1,974"
חורפיש,2018,"6,828","1,568"
חורפיש,2017,"4,237","1,236"
חורפיש,2016,"5,585","1,815"
חורפיש,2015,"5,201",167
חיפה,2019,"830,231","14,430"
חיפה,2018,"805,400","31,510"
חיפה,2017,"478,683","14,906"
חיפה,2016,"350,057","13,888"
חיפה,2015,"424,278","9,232"
חצור הגלילית,2019,"25,755","2,880"
חצור הגלילית,2018,"20,791","1,398"
חצור הגלילית,2017,"9,765","4,096"
חצור הגלילית,2016,"10,705",317
חצור הגלילית,2015,"1,976",185
חריש,2019,"103,579","1,459"
חריש,2018,"57,854",718
חריש,2017,"36,238",574
חריש,2016,"26,511","29,342"
חריש,2015,"36,792",53
טבריה,2019,"25,386",290
טבריה,2018,"40,719","5,792"
טבריה,2017,"37,718","6,501"
טבריה,2016,"27,291","8,112"
טבריה,2015,"46,256","2,275"
טובא-זנגרייה,2019,..,..
טובא-זנגרייה,2018,"2,948",615
טובא-זנגרייה,2017,"3,401",465
טובא-זנגרייה,2016,"9,161","9,546"
טובא-זנגרייה,2015,"3,882",658
טורעאן,2019,"25,017","2,178"
טורעאן,2018,"30,238","4,098"
טורעאן,2017,"30,403","4,362"
טורעאן,2016,"11,107","3,841"
טורעאן,2015,"9,435","1,405"
טייבה,2019,"46,154","3,936"
טייבה,2018,"55,479","3,202"
טייבה,2017,"40,201","4,323"
טייבה,2016,"32,682","6,264"
טייבה,2015,..,..
טירה,2019,"17,941",630
טירה,2018,"10,217",914
טירה,2017,"13,643","1,433"
טירה,2016,"20,269",626
טירה,2015,"9,795","1,062"
טירת כרמל,2019,"40,847","4,977"
טירת כרמל,2018,"48,279","2,854"
טירת כרמל,2017,"59,594","3,881"
טירת כרמל,2016,"25,405","4,391"
טירת כרמל,2015,"11,040","4,258"
טמרה,2019,"19,499","2,504"
טמרה,2018,"27,427","2,094"
טמרה,2017,"25,289","4,996"
טמרה,2016,"23,966","5,410"
טמרה,2015,"24,375",718
יאנוח-ג'ת,2019,"16,676",158
יאנוח-ג'ת,2018,"16,821",145
יאנוח-ג'ת,2017,"12,848","1,145"
יאנוח-ג'ת,2016,"14,957","1,347"
יאנוח-ג'ת,2015,"11,478",575
יבנאל,2019,"4,938",83
יבנאל,2018,"4,608",102
יבנאל,2017,"2,211",-
יבנאל,2016,"1,825",218
יבנאל,2015,"7,064",160
יבנה,2019,"149,014","32,802"
יבנה,2018,"189,807","2,769"
יבנה,2017,"85,055","3,748"
יבנה,2016,"57,431","1,153"
יבנה,2015,"50,928",750
יהוד,2019,"39,306",140
יהוד,2018,"37,559",-
יהוד,2017,"39,469",331
יהוד,2016,"30,337",-
יהוד,2015,"16,327",-
יסוד המעלה,2019,"13,611",83
יסוד המעלה,2018,"15,179",205
יסוד המעלה,2017,"10,933",421
יסוד המעלה,2016,"11,282",627
יסוד המעלה,2015,"8,026",200
יפיע,2019,"21,302",801
יפיע,2018,"20,737",-
יפיע,2017,"19,470",-
יפיע,2016,"10,230",-
יפיע,2015,"8,509",78
יקנעם עילית,2019,"52,627","31,506"
יקנעם עילית,2018,"79,171","7,172"
יקנעם עילית,2017,"34,445","5,108"
יקנעם עילית,2016,"35,433","10,544"
יקנעם עילית,2015,"27,707","12,795"
ירוחם,2019,"29,044","1,992"
ירוחם,2018,"62,143","6,725"
ירוחם,2017,"48,904","3,533"
ירוחם,2016,"47,934","5,842"
ירוחם,2015,"23,037","4,088"
ירושלים,2019,"2,732,718",-
ירושלים,2018,"2,240,826","2,934"
ירושלים,2017,"1,774,332","9,913"
ירושלים,2016,"1,375,941","12,208"
ירושלים,2015,"1,319,322","36,961"
ירכא,2019,"9,475","2,339"
ירכא,2018,"19,525","4,926"
ירכא,2017,"36,141","15,009"
ירכא,2016,"12,510","3,577"
ירכא,2015,"19,882","2,044"
כאבול,2019,"18,100",208
כאבול,2018,"10,514",81
כאבול,2017,"3,581",493
כאבול,2016,"1,650","2,461"
כאבול,2015,"5,279",-
כאוכב אבו אל-היג'א,2019,"6,336","1,676"
כאוכב אבו אל-היג'א,2018,"5,345","23,209"
כאוכב אבו אל-היג'א,2017,"7,450",631
כאוכב אבו אל-היג'א,2016,"11,397",884
כאוכב אבו אל-היג'א,2015,"1,559",263
כוכב יאיר,2019,"7,951",-
כוכב יאיר,2018,"15,132",209
כוכב יאיר,2017,"12,085",1
כוכב יאיר,2016,"9,034","1,039"
כוכב יאיר,2015,"5,682",143
כסיפה,2019,"31,998","2,753"
כסיפה,2018,"21,449","3,257"
כסיפה,2017,"20,736","2,769"
כסיפה,2016,"14,662","2,367"
כסיפה,2015,"18,073","1,950"
כסרא-סמיע,2019,"11,466",778
כסרא-סמיע,2018,"7,733","2,590"
כסרא-סמיע,2017,"10,037","1,309"
כסרא-סמיע,2016,"11,241","1,893"
כסרא-סמיע,2015,"4,302",2
כעביה-טבאש-חג'אג'רה,2019,"4,070",54
כעביה-טבאש-חג'אג'רה,2018,"5,034",411
כעביה-טבאש-חג'אג'רה,2017,"6,598",30
כעביה-טבאש-חג'אג'רה,2016,"6,122",208
כעביה-טבאש-חג'אג'רה,2015,"7,873",260
כפר ברא,2019,"5,862",337
כפר ברא,2018,"19,044",959
כפר ברא,2017,"2,739",100
כפר ברא,2016,"1,622",-
כפר ברא,2015,"1,758",-
כפר ורדים,2019,"16,094",431
כפר ורדים,2018,"48,794",99
כפר ורדים,2017,"52,421","1,035"
כפר ורדים,2016,"23,932",200
כפר ורדים,2015,"7,097",454
כפר יאסיף,2019,"10,379","1,354"
כפר יאסיף,2018,"6,762","1,193"
כפר יאסיף,2017,"2,915","1,339"
כפר יאסיף,2016,"1,523",208
כפר יאסיף,2015,"5,338",691
כפר יונה,2019,"53,487","1,290"
כפר יונה,2018,"68,170","1,903"
כפר יונה,2017,"26,096","1,862"
כפר יונה,2016,"54,626","1,302"
כפר יונה,2015,"26,683","7,000"
כפר כמא,2019,"19,757","1,538"
כפר כמא,2018,"14,436","1,672"
כפר כמא,2017,"18,016","1,645"
כפר כמא,2016,"6,468",771
כפר כמא,2015,"2,056",994
כפר כנא,2019,"22,768",241
כפר כנא,2018,"14,517",148
כפר כנא,2017,"12,203",338
כפר כנא,2016,"15,088",612
כפר כנא,2015,"14,976","1,097"
כפר מנדא,2019,"12,084","1,120"
כפר מנדא,2018,"19,200","2,338"
כפר מנדא,2017,"28,382","1,397"
כפר מנדא,2016,"15,470",517
כפר מנדא,2015,"24,075","3,077"
כפר סבא,2019,"105,725","44,407"
כפר סבא,2018,"119,857","21,378"
כפר סבא,2017,"108,404","14,930"
כפר סבא,2016,"148,122","24,359"
כפר סבא,2015,"136,553","15,259"
כפר קאסם,2019,"13,752","2,095"
כפר קאסם,2018,"28,727","11,327"
כפר קאסם,2017,"22,969","4,588"
כפר קאסם,2016,"44,739","3,158"
כפר קאסם,2015,"23,599",897
כפר קרע,2019,"12,901","3,571"
כפר קרע,2018,"18,502","3,071"
כפר קרע,2017,"16,050","1,677"
כפר קרע,2016,"15,501","1,657"
כפר קרע,2015,"16,133","1,628"
כפר שמריהו,2019,"5,511",101
כפר שמריהו,2018,"7,330",747
כפר שמריהו,2017,"5,402",989
כפר שמריהו,2016,"9,559","2,954"
כפר שמריהו,2015,"5,212","10,141"
כפר תבור,2019,"7,202",838
כפר תבור,2018,"9,879","1,804"
כפר תבור,2017,"13,578","1,255"
כפר תבור,2016,"34,164","2,073"
כפר תבור,2015,"22,192","2,884"
כרמיאל,2019,"26,560","22,936"
כרמיאל,2018,"39,973","36,932"
כרמיאל,2017,"27,902","20,963"
כרמיאל,2016,"24,032","15,192"
כרמיאל,2015,"29,934","8,318"
להבים,2019,"6,075",100
להבים,2018,"8,686",-
להבים,2017,"13,026",-
להבים,2016,"7,513",-
להבים,2015,"5,366",268
לוד,2019,"154,603","5,815"
לוד,2018,"149,145","6,848"
לוד,2017,"125,302","5,932"
לוד,2016,"97,366","4,711"
לוד,2015,"94,142","2,868"
לקיה,2019,"13,739",712
לקיה,2018,"9,920","1,243"
לקיה,2017,"8,057","1,097"
לקיה,2016,"4,873",647
לקיה,2015,"3,429",499
מבשרת ציון,2019,"13,830","1,022"
מבשרת ציון,2018,"17,925","1,573"
מבשרת ציון,2017,"20,778","6,368"
מבשרת ציון,2016,"13,156",875
מבשרת ציון,2015,"9,258",305
מגאר,2019,"11,646","1,380"
מגאר,2018,"15,629","2,779"
מגאר,2017,"19,397","4,242"
מגאר,2016,"13,049","2,701"
מגאר,2015,"8,958","1,870"
מג'ד אל-כרום,2019,"21,341","2,280"
מג'ד אל-כרום,2018,"11,963",843
מג'ד אל-כרום,2017,"17,724","1,539"
מג'ד אל-כרום,2016,"17,750",627
מג'ד אל-כרום,2015,"12,588",265
מגדל,2019,"18,795","1,267"
מגדל,2018,"2,644","1,765"
מגדל,2017,"3,886",687
מגדל,2016,"7,230",631
מגדל,2015,"4,415",59
מגדל העמק,2019,"50,190","4,520"
מגדל העמק,2018,"49,638","5,084"
מגדל העמק,2017,"23,219","3,358"
מגדל העמק,2016,"26,042","2,427"
מגדל העמק,2015,"12,914","8,738"
מג'דל שמס,2019,"14,493","1,724"
מג'דל שמס,2018,"6,441",911
מג'דל שמס,2017,"14,410","3,133"
מג'דל שמס,2016,"12,743","2,727"
מג'דל שמס,2015,"4,972","2,512"
מודיעין עילית,2019,"91,554","1,408"
מודיעין עילית,2018,"104,193","3,465"
מודיעין עילית,2017,"70,885",917
מודיעין עילית,2016,"83,836","4,446"
מודיעין עילית,2015,"109,977","7,892"
מודיעין-מכבים-רעות*,2019,"311,509","12,557"
מודיעין-מכבים-רעות*,2018,"347,724","13,160"
מודיעין-מכבים-רעות*,2017,"262,803","9,336"
מודיעין-מכבים-רעות*,2016,"202,428","8,751"
מודיעין-מכבים-רעות*,2015,"147,958","21,707"
מזכרת בתיה,2019,"21,343",715
מזכרת בתיה,2018,"9,540",807
מזכרת בתיה,2017,"8,614",404
מזכרת בתיה,2016,"5,732",299
מזכרת בתיה,2015,"18,786",75
מזרעה,2019,"13,727","1,822"
מזרעה,2018,"23,304","1,484"
מזרעה,2017,"15,915","1,862"
מזרעה,2016,"6,070","1,157"
מזרעה,2015,894,915
מטולה,2019,"6,362",684
מטולה,2018,"7,394",152
מטולה,2017,"2,230",178
מטולה,2016,623,323
מטולה,2015,"1,593",38
מיתר,2019,"11,287","4,816"
מיתר,2018,"25,938",648
מיתר,2017,"18,472","1,437"
מיתר,2016,"12,088",849
מיתר,2015,"8,964",69
מסעדה,2019,"4,462",662
מסעדה,2018,"4,071",961
מסעדה,2017,"7,576","2,413"
מסעדה,2016,"2,470",467
מסעדה,2015,"4,798","1,230"
מעיליא,2019,"5,707",429
מעיליא,2018,"5,047",517
מעיליא,2017,"3,502",300
מעיליא,2016,"2,554",621
מעיליא,2015,639,415
מעלה אדומים,2019,"40,699","1,369"
מעלה אדומים,2018,"40,230","2,973"
מעלה אדומים,2017,"40,686","3,809"
מעלה אדומים,2016,"55,924","2,799"
מעלה אדומים,2015,"58,611","39,654"
מעלה אפרים,2019,"5,015",-
מעלה אפרים,2018,"3,864",221
מעלה אפרים,2017,"5,247",-
מעלה אפרים,2016,"4,995",3
מעלה אפרים,2015,"2,518",-
מעלה עירון,2019,"6,895",773
מעלה עירון,2018,"5,872",537
מעלה עירון,2017,"12,073",133
מעלה עירון,2016,"10,892","3,001"
מעלה עירון,2015,"2,586",520
מעלות-תרשיחא,2019,"42,433","10,734"
מעלות-תרשיחא,2018,"57,235","13,106"
מעלות-תרשיחא,2017,"53,900","12,068"
מעלות-תרשיחא,2016,"25,076","8,507"
מעלות-תרשיחא,2015,"21,511","14,220"
מצפה רמון,2019,"13,895","5,474"
מצפה רמון,2018,"12,519","4,333"
מצפה רמון,2017,"9,345","11,519"
מצפה רמון,2016,"9,363","2,483"
מצפה רמון,2015,"13,380",890
משהד,2019,"18,930",594
משהד,2018,"14,658",250
משהד,2017,"9,699","1,693"
משהד,2016,"3,869",42
משהד,2015,846,-
נהרייה,2019,"70,544",-
נהרייה,2018,"135,213","2,738"
נהרייה,2017,"94,057","2,029"
נהרייה,2016,"62,160","2,022"
נהרייה,2015,"57,705","2,423"
נוף הגליל,2019,"87,504","3,268"
נוף הגליל,2018,"107,601","1,171"
נוף הגליל,2017,"38,126","14,450"
נוף הגליל,2016,"18,151","11,161"
נוף הגליל,2015,"16,815","2,018"
נחף,2019,"18,507",503
נחף,2018,"20,905","1,569"
נחף,2017,"9,197","2,114"
נחף,2016,"9,084",691
נחף,2015,"5,075","1,012"
נס ציונה,2019,"86,168","14,130"
נס ציונה,2018,"60,023","9,205"
נס ציונה,2017,"54,418","6,183"
נס ציונה,2016,"96,093","8,504"
נס ציונה,2015,"111,679","10,857"
נצרת,2019,..,..
נצרת,2018,"70,918","11,884"
נצרת,2017,"99,104","9,203"
נצרת,2016,"27,505","2,012"
נצרת,2015,"19,740","1,264"
נשר,2019,"20,541","1,945"
נשר,2018,"13,796","2,713"
נשר,2017,"19,630","7,267"
נשר,2016,"20,470","1,878"
נשר,2015,"29,178","8,606"
נתיבות,2019,"193,649","4,654"
נתיבות,2018,"198,950","5,793"
נתיבות,2017,"146,485","2,944"
נתיבות,2016,"90,571","7,014"
נתיבות,2015,"63,717","6,640"
נתניה,2019,"221,081","33,267"
נתניה,2018,"289,595","39,550"
נתניה,2017,"225,697","30,478"
נתניה,2016,"213,742","24,193"
נתניה,2015,"199,836","35,796"
סאג'ור,2019,"16,912",17
סאג'ור,2018,"14,834",67
סאג'ור,2017,"10,253",17
סאג'ור,2016,"9,152",106
סאג'ור,2015,"3,308",375
סביון*,2019,"11,846",140
סביון*,2018,"18,951",43
סביון*,2017,"14,690",264
סביון*,2016,"16,145","1,548"
סביון*,2015,"15,214","2,098"
סח'נין,2019,"24,636",263
סח'נין,2018,"36,946","1,482"
סח'נין,2017,"54,944",666
סח'נין,2016,"37,926",608
סח'נין,2015,"42,610","1,240"
ע'ג'ר,2019,"4,451",389
ע'ג'ר,2018,"2,682",431
ע'ג'ר,2017,"3,078",163
ע'ג'ר,2016,"2,345",133
ע'ג'ר,2015,"1,495",199
עומר,2019,"8,128",426
עומר,2018,"13,796",811
עומר,2017,"14,171",397
עומר,2016,"11,774",823
עומר,2015,"27,393",876
עיילבון,2019,"3,180",369
עיילבון,2018,"4,026","1,004"
עיילבון,2017,"3,063",813
עיילבון,2016,"3,958",545
עיילבון,2015,"1,875",902
עילוט,2019,"23,554","2,870"
עילוט,2018,"18,734","1,508"
עילוט,2017,"30,152","5,967"
עילוט,2016,"12,648","3,861"
עילוט,2015,"5,298","1,080"
עין מאהל,2019,"11,626","1,389"
עין מאהל,2018,"28,278","1,820"
עין מאהל,2017,"12,220","1,649"
עין מאהל,2016,"10,097",643
עין מאהל,2015,..,..
עין קנייא,2019,"2,648","1,424"
עין קנייא,2018,"3,997",432
עין קנייא,2017,"3,703",425
עין קנייא,2016,"2,271",285
עין קנייא,2015,"2,218",486
עכו,2019,"77,797","3,054"
עכו,2018,"78,397","1,163"
עכו,2017,"51,992",851
עכו,2016,"44,588","1,146"
עכו,2015,"54,741","4,196"
עמנואל,2019,"5,366",-
עמנואל,2018,"4,738",-
עמנואל,2017,"3,503",100
עמנואל,2016,"2,748",-
עמנואל,2015,"1,985",35
עספיא,2019,"16,585",692
עספיא,2018,"15,085","2,081"
עספיא,2017,"15,315",971
עספיא,2016,"7,766",263
עספיא,2015,"5,962",248
עפולה,2019,"145,262","8,840"
עפולה,2018,"145,621","10,987"
עפולה,2017,"186,679","14,985"
עפולה,2016,"160,601","10,839"
עפולה,2015,"121,646",901
עראבה,2019,"20,931","3,969"
עראבה,2018,"17,672","7,915"
עראבה,2017,"11,638","4,764"
עראבה,2016,"25,936","4,194"
עראבה,2015,"24,981","2,613"
ערד,2019,"37,833","7,450"
ערד,2018,"41,197","8,018"
ערד,2017,"31,136","5,083"
ערד,2016,"16,676","7,814"
ערד,2015,"23,413","6,398"
ערערה,2019,"7,160","4,573"
ערערה,2018,"10,281","3,354"
ערערה,2017,"15,686","2,153"
ערערה,2016,"25,713","2,464"
ערערה,2015,..,..
ערערה-בנגב,2019,"50,170","1,503"
ערערה-בנגב,2018,"15,586","5,354"
ערערה-בנגב,2017,"16,383",987
ערערה-בנגב,2016,"11,587","2,334"
ערערה-בנגב,2015,"4,235","1,650"
פוריידיס,2019,"29,015",-
פוריידיס,2018,"49,619",290
פוריידיס,2017,"11,199","2,041"
פוריידיס,2016,..,..
פוריידיס,2015,..,..
פסוטה,2019,"3,226",-
פסוטה,2018,"6,612",712
פסוטה,2017,"5,696","1,001"
פסוטה,2016,995,535
פסוטה,2015,"1,614",681
פקיעין (בוקייעה),2019,"4,383","2,380"
פקיעין (בוקייעה),2018,"6,082","1,716"
פקיעין (בוקייעה),2017,"6,694","1,599"
פקיעין (בוקייעה),2016,"4,460","1,737"
פקיעין (בוקייעה),2015,"1,893",28
פרדס חנה-כרכור,2019,"40,591","1,142"
פרדס חנה-כרכור,2018,"46,939","15,585"
פרדס חנה-כרכור,2017,"26,484","2,836"
פרדס חנה-כרכור,2016,"37,167","3,596"
פרדס חנה-כרכור,2015,"31,261","1,604"
פרדסייה,2019,"19,836","2,253"
פרדסייה,2018,"37,928","2,360"
פרדסייה,2017,"25,035","2,335"
פרדסייה,2016,"11,830","1,527"
פרדסייה,2015,"3,296","1,310"
פתח תקווה,2019,"293,535","22,884"
פתח תקווה,2018,"449,880","19,701"
פתח תקווה,2017,"403,299","37,120"
פתח תקווה,2016,"371,100","35,841"
פתח תקווה,2015,"348,861","21,332"
צפת,2019,"43,812","6,287"
צפת,2018,"32,118","4,471"
צפת,2017,"16,462","5,316"
צפת,2016,"15,885","2,949"
צפת,2015,"24,084","3,547"
קדומים,2019,"14,543",105
קדומים,2018,"16,003",259
קדומים,2017,"13,225",179
קדומים,2016,"5,375","4,868"
קדומים,2015,"9,154",37
קדימה-צורן,2019,"23,251","2,887"
קדימה-צורן,2018,"50,123","5,837"
קדימה-צורן,2017,"32,445","1,506"
קדימה-צורן,2016,"53,484","3,045"
קדימה-צורן,2015,"54,175","1,196"
קלנסווה,2019,"9,741","2,180"
קלנסווה,2018,"11,900","1,595"
קלנסווה,2017,"13,723","2,285"
קלנסווה,2016,"17,159","1,233"
קלנסווה,2015,"7,797","1,846"
קצרין,2019,"15,646","1,268"
קצרין,2018,"16,974","1,698"
קצרין,2017,"20,964","3,662"
קצרין,2016,"19,812","1,871"
קצרין,2015,"17,473","4,005"
קריית אונו,2019,"48,248","8,214"
קריית אונו,2018,"66,950","6,683"
קריית אונו,2017,"50,894","2,341"
קריית אונו,2016,"43,738","1,227"
קריית אונו,2015,"55,876","10,022"
קריית ארבע,2019,"15,910","3,635"
קריית ארבע,2018,"18,250","2,873"
קריית ארבע,2017,"11,240","2,579"
קריית ארבע,2016,"6,215","1,764"
קריית ארבע,2015,"11,671","2,370"
קריית אתא,2019,"68,932","15,774"
קריית אתא,2018,"132,667","9,446"
קריית אתא,2017,"70,279","11,519"
קריית אתא,2016,"38,918","6,334"
קריית אתא,2015,"27,343","7,691"
קריית ביאליק,2019,"142,364",584
קריית ביאליק,2018,"170,638","3,712"
קריית ביאליק,2017,"151,166",-
קריית ביאליק,2016,"184,044",547
קריית ביאליק,2015,"26,239",937
קריית גת,2019,"184,298","4,431"
קריית גת,2018,"257,662","9,172"
קריית גת,2017,"216,058","11,708"
קריית גת,2016,"119,554","12,147"
קריית גת,2015,"104,239","12,218"
קריית טבעון,2019,"22,142","20,688"
קריית טבעון,2018,"28,074","1,476"
קריית טבעון,2017,"14,977","2,071"
קריית טבעון,2016,"15,551","2,862"
קריית טבעון,2015,"7,193",953
קריית ים,2019,"50,147","28,771"
קריית ים,2018,"50,275","2,820"
קריית ים,2017,"32,561","1,446"
קריית ים,2016,"19,767","1,632"
קריית ים,2015,"22,929","2,565"
קריית יערים,2019,"15,115",865
קריית יערים,2018,"7,922","2,382"
קריית יערים,2017,"7,029","3,747"
קריית יערים,2016,"9,301",742
קריית יערים,2015,"3,998",838
קריית מוצקין,2019,"84,521","3,376"
קריית מוצקין,2018,"110,652","2,971"
קריית מוצקין,2017,"185,761","1,286"
קריית מוצקין,2016,"181,076","1,041"
קריית מוצקין,2015,"68,649","1,228"
קריית מלאכי,2019,"36,845","1,151"
קריית מלאכי,2018,"44,155","1,579"
קריית מלאכי,2017,"29,853","1,462"
קריית מלאכי,2016,"27,441","3,703"
קריית מלאכי,2015,"4,423","5,314"
קריית עקרון,2019,"7,339",662
קריית עקרון,2018,"23,906",703
קריית עקרון,2017,"6,735","1,045"
קריית עקרון,2016,"5,388",496
קריית עקרון,2015,"9,561",272
קריית שמונה,2019,"38,011","1,520"
קריית שמונה,2018,"44,847","1,819"
קריית שמונה,2017,"25,883","5,480"
קריית שמונה,2016,"14,285","3,299"
קריית שמונה,2015,"20,746","1,282"
קרני שומרון,2019,"27,695","2,074"
קרני שומרון,2018,"33,952","1,690"
קרני שומרון,2017,"14,519","4,786"
קרני שומרון,2016,"8,454","4,798"
קרני שומרון,2015,"8,813","4,344"
ראמה,2019,"12,434","7,551"
ראמה,2018,"11,363","1,213"
ראמה,2017,"10,077","1,113"
ראמה,2016,"3,765","1,394"
ראמה,2015,"5,649",741
ראש העין,2019,"177,281","30,135"
ראש העין,2018,"213,615","17,868"
ראש העין,2017,"170,250","30,445"
ראש העין,2016,"109,902","21,665"
ראש העין,2015,"83,136","16,438"
ראש פינה,2019,"47,834","-3,754"
ראש פינה,2018,"46,728","7,519"
ראש פינה,2017,"57,614","3,359"
ראש פינה,2016,"21,673",849
ראש פינה,2015,"80,673","1,054"
ראשון לציון,2019,"465,856","76,983"
ראשון לציון,2018,"417,470","68,945"
ראשון לציון,2017,"428,161","48,583"
ראשון לציון,2016,"290,266","49,211"
ראשון לציון,2015,"299,334","351,905"
רהט,2019,"119,498","14,746"
רהט,2018,"82,105","10,183"
רהט,2017,"69,400","8,131"
רהט,2016,"48,742","15,349"
רהט,2015,"54,851","7,849"
רחובות,2019,"219,662","10,914"
רחובות,2018,"258,817","12,964"
רחובות,2017,"228,474","12,823"
רחובות,2016,"236,224","11,915"
רחובות,2015,"242,687","11,230"
ריינה,2019,"11,794","3,121"
ריינה,2018,"17,424",488
ריינה,2017,"10,838",960
ריינה,2016,"7,569",543
ריינה,2015,"12,945",744
רכסים,2019,"12,530","1,356"
רכסים,2018,"16,231","1,313"
רכסים,2017,"10,429","2,837"
רכסים,2016,"13,056",154
רכסים,2015,"9,925",355
רמלה,2019,"92,023","15,083"
רמלה,2018,"50,615","12,629"
רמלה,2017,"51,100","13,645"
רמלה,2016,"42,190","11,183"
רמלה,2015,"58,894","16,446"
רמת גן,2019,"230,972","45,394"
רמת גן,2018,"268,166","52,234"
רמת גן,2017,"189,871","45,923"
רמת גן,2016,"176,560","73,470"
רמת גן,2015,"172,841","35,300"
רמת השרון,2019,"104,090","8,552"
רמת השרון,2018,"60,665","3,726"
רמת השרון,2017,"93,881","6,034"
רמת השרון,2016,"53,897","15,898"
רמת השרון,2015,"70,599","10,740"
רמת ישי,2019,"12,993",347
רמת ישי,2018,"19,007",185
רמת ישי,2017,"11,804",790
רמת ישי,2016,"5,331",885
רמת ישי,2015,"5,878","1,613"
רעננה,2019,"182,926","4,086"
רעננה,2018,"188,446",-
רעננה,2017,"225,567",-
רעננה,2016,"249,749",-
רעננה,2015,"168,171","3,476"
שבלי - אום אל-גנם,2019,..,..
שבלי - אום אל-גנם,2018,"8,759","1,843"
שבלי - אום אל-גנם,2017,"2,959","1,014"
שבלי - אום אל-גנם,2016,"6,817",827
שבלי - אום אל-גנם,2015,"2,988",940
שגב-שלום,2019,"27,659",655
שגב-שלום,2018,"15,979","2,011"
שגב-שלום,2017,"18,812","2,092"
שגב-שלום,2016,"23,926","1,863"
שגב-שלום,2015,"19,435","1,289"
שדרות,2019,"124,765","9,617"
שדרות,2018,"113,205","6,751"
שדרות,2017,"87,592","7,591"
שדרות,2016,"49,898","7,080"
שדרות,2015,"25,216","3,802"
שוהם,2019,"38,317",667
שוהם,2018,"72,194","4,695"
שוהם,2017,"48,326","3,583"
שוהם,2016,"40,477","4,031"
שוהם,2015,"50,444","1,773"
שלומי,2019,"34,439","7,802"
שלומי,2018,"33,933","1,689"
שלומי,2017,"31,325","2,501"
שלומי,2016,"25,166","1,465"
שלומי,2015,"6,848",997
שעב,2019,"4,990",427
שעב,2018,"3,003",972
שעב,2017,"3,541",746
שעב,2016,"4,032","4,032"
שעב,2015,"3,501",142
שפרעם,2019,"31,957",611
שפרעם,2018,"22,532","3,312"
שפרעם,2017,"31,270","3,261"
שפרעם,2016,"15,706","2,483"
שפרעם,2015,"20,169","1,662"
תל אביב -יפו,2019,"1,792,526","15,147"
תל אביב -יפו,2018,"2,007,417","3,762"
תל אביב -יפו,2017,"1,467,856","440,229"
תל אביב -יפו,2016,"1,284,227","128,572"
תל אביב -יפו,2015,"1,163,053","5,693"
תל מונד,2019,"53,446","4,426"
תל מונד,2018,"52,082",29
תל מונד,2017,"13,742",-
תל מונד,2016,"16,636",-
תל מונד,2015,"48,144",-
תל שבע,2019,"26,840","1,089"
תל שבע,2018,"27,395","2,511"
תל שבע,2017,"31,505","1,229"
תל שבע,2016,"17,170",867
תל שבע,2015,"18,654","2,195"
,,,
